mainPackage.Relational.GreaterThanOrEqualToEvaluator,GTEEvaluator
mainPackage.AbstractComparisonEvaluatorInterface,GTEEvaluator
mainPackage.Relational.GreaterThanEvaluator,GTEvaluator
mainPackage.AbstractComparisonEvaluatorInterface,GTEvaluator
mainPackage.Relational.LessThanOrEqualToEvaluator,LTEEvaluator
mainPackage.AbstractComparisonEvaluatorInterface,LTEEvaluator
mainPackage.Relational.LessThanEvaluator,LTEvaluator
mainPackage.AbstractComparisonEvaluatorInterface,LTEvaluator
mainPackage.Logical.AndEval,AndEvaluator
main.lisp.evaluator.Evaluator,AndEvaluator
mainPackage.Functional.FuncallEvaluator,BasicFuncallEvaluator
main.lisp.evaluator.Evaluator,BasicFuncallEvaluator
mainPackage.Expression.CondEvaluator,CondEvaluator
main.lisp.evaluator.Evaluator,CondEvaluator
mainPackage.OperatorRegistry,CustomOperationRegisterer
mainPackage.OperatorRegistryInterface,CustomOperationRegisterer
mainPackage.Expression.EvalEvaluator,EvalEvaluator
main.lisp.evaluator.Evaluator,EvalEvaluator
mainPackage.FunctionEvaluator,FunctionEvaluator
main.lisp.evaluator.Evaluator,FunctionEvaluator
mainPackage.IdentifierAtomImplementation,IdentifierAtomWithLookup
main.lisp.parser.terms.Atom,IdentifierAtomWithLookup
main.lisp.parser.terms.SExpression,IdentifierAtomWithLookup
mainPackage.Functional.LambdaEvaluator,LambdaEvaluator
main.lisp.evaluator.Evaluator,LambdaEvaluator
mainPackage.LetEvaluator,LetEvaluator
main.lisp.evaluator.Evaluator,LetEvaluator
mainPackage.Expression.ListEvaluator,ListEvaluator
main.lisp.evaluator.Evaluator,ListEvaluator
mainPackage.Expression.LoadEvaluator,LoadEvaluator
main.lisp.evaluator.Evaluator,LoadEvaluator
mainPackage.Runner,Main
mainPackage.EnvironmentImplementation,NestedLexicalEnvironment
main.lisp.evaluator.Environment,NestedLexicalEnvironment
mainPackage.Logical.NotEval,NotEvaluator
main.lisp.evaluator.Evaluator,NotEvaluator
mainPackage.Logical.OrEval,OrEvaluator
main.lisp.evaluator.Evaluator,OrEvaluator
mainPackage.Expression.QuoteEvaluator,QuoteEvaluator
main.lisp.evaluator.Evaluator,QuoteEvaluator
mainPackage.Functional.SetqEvaluator,SetqEvaluator
main.lisp.evaluator.Evaluator,SetqEvaluator
mainPackage.OperatorRegistry,StatefulOperationRegisterer
mainPackage.OperatorRegistryInterface,StatefulOperationRegisterer
mainPackage.BetterSExpression,StringFormattingSExpression
main.lisp.parser.terms.SExpression,StringFormattingSExpression
